whatsapp_number,business_name
94777122299.0,Ladder Global
94775696867.0,Digital Nomad Ventures Pvt Ltd | SEO | Digital Marketing Agency
94777179701.0,"SAMSUL Digital Marketing Agency, SEO & Website Designing"
94772377301.0,Mavas - Digital Marketing
94715418199.0,Revo Revolution Advertising Agency
94772270261.0,CB LAW CHAMBERS
94771318773.0,Ramyard Law Chambers (Lawyers and Advocates)
94776676554.0,D & N Partners
94777915433.0,KNJ Associates
94773011488.0,EKARATNE ASSOCIATES
94771289558.0,"Sabith Mazahir - Attorney at Law, Notary Public & Commissioner for Oaths"
94762583490.0,AY Associates -Chartered Accountants
94777892966.0,Qcontra (Pvt) Ltd
94777225533.0,Azeez Medical Centre
94777547096.0,Happy Smiles Dental
94702999666.0,Danthaja Premium Dental Chambers
94777482848.0,Smile Dental Hospitals
94767259002.0,TRY DENT DENTAL SURGERY & IMPLANT CENTER
94768708701.0,Binary Technologies International
94701525700.0,LIFTR - Strength & Conditioning Gym | Colombo
94777483734.0,Rebuild Fitness & Wellness Centre- Gym
94777127861.0,Doctor Performance (DRP) - Gym / Fitness Studio
94777232425.0,Fitness Plus Gyms Nawala
94773186086.0,Colombo Breakdown Services & Mobile Mechanic
94750933045.0,Motorbike Repairs & 24/7 Breakdown Services - Ernest Perera
94756431602.0,"360 Accountants-Company and Business Registration, Colombo"
94770782464.0,Sri Lankan Cab Service
94766916605.0,DropZone â€“ Drink and Drive Service Colombo
94753947793.0,Battery Jumpstart Services - D Auto Recovery - Colombo
94702055055.0,Colombo Ambulance - Ronim ambulance service
94777771154.0,"Kelum K. Hewage Attorney-At-Law, Former Coordinating Secretary To The Minister Of Higher Education"
94777801298.0,Cosmetic Dental Care International
94701449779.0,IT MARTX (PVT) LTD
94784708987.0,Tonic Wellness - Marino Mall
94775356277.0,Leap Yard
94763454848.0,Goal's Gym Rajagiriya
94779095666.0,The Shopping Kingdom
94773300905.0,WE FIX repairing partner
94752302625.0,"J.S TV, LED,LCD repairing"
94770279353.0,Industrial Electronic Repairs & Engineering Solutions PVT LTD
94770550033.0,Cambridge College of Business and Management
94764958111.0,Taxi service in srilanka
94775662162.0,Echt Social
94772290651.0,Deen & Company Chartered Accountants
94777242476.0,Align Dental Care (Pvt) Ltd | Dentist in Colombo | Dental clinic in Colombo
94777779437.0,Dental Square - Best Dental Clinic in Sri Lanka
94717776960.0,Thusare Talking Hands
94716047967.0,Next level fitness
94772820842.0,NCS online store
94777139441.0,Breakdown Service
94773053671.0,Laptop Lab Repair (PVT) Ltd
94774575937.0,Your Driver Sri Lanka
94755253006.0,Loops Integrated
94772150505.0,Jasmin Media
94777479799.0,Rameez Basheer Law Firm
94777641888.0,Ledgerwall (Pvt) Ltd
94707007777.0,Cuisine Colombo - Gregory's Road
94772444888.0,Breathe Day Spa
94706543270.0,SWASTHYA WELLNESS SPA - MaRadha Colombo
94768596119.0,Sandares Spa
94710175308.0,GRIT Sports & Fitness
94777355866.0,e-REPAIRS
94728611976.0,Colombo burner's gas cooker repair and service
94777995599.0,Taxi.lk
94772841457.0,Pixel Clear (Pvt) Ltd
94707355355.0,Virticle by Jetwing
94778874430.0,La Luna Colombo
94767143590.0,Kemara
94761390204.0,Kashi Wellness Retreat
94777319405.0,Fitness Kingdom - Bookers gym
94766754586.0,Repair Plus
94777142502.0,i Device Solutions (Pvt) Ltd
94713991723.0,Tiptop maintenance services
94777271407.0,DoctorGSM Repair Service
94702506000.0,Ceylon Strategic Research Institute
94774143434.0,Arogya Speciality Medical Center
94774422448.0,Culture Colombo
94779457660.0,Headquarters by W15
94773393391.0,Ceylon Curry Club
94772839119.0,Fitness Connection
94785272337.0,Dickson Fitness Center
94784410042.0,iphone repair
94777552266.0,Bristol Institute of Business Management
94718355926.0,Kites Global (Pvt) Ltd
94770024823.0,Ministry of Crab
94777814743.0,The Anam Hotel - Colombo
94768656887.0,Lotus Wellness SPA
94702514811.0,Colombo City Centre Mall and Residences
94776513925.0,Arcade Independence Square
94773871038.0,Taxi Srilanka colombo
94767762535.0,AVENTRA HEALTH CARE (AVENTRA MEDICAL CENTER)
94764630468.0,Spa Ceylon Ward Place - Spa & Boutique
94772422888.0,The Fashion Store - Bambalapitiya
94773442745.0,Clover Partners
94763067882.0,Monsoon Colombo
94756888777.0,The Sizzle Colombo
94768000600.0,Garton's Ark Restaurant
94760202423.0,Colombo Cleaning Service (C.C.S)
94775887553.0,Zigzag Store
94777949777.0,LCD LED TV Repairs - ( TV Repair Colombo )
94722225566.0,Best Medicare - Nawala
94725652773.0,Pettah Market
94773045940.0,Gangatharan Associates Law Firm | Lawyers & Advocates | Attorney-at-law & Notary public
94716121556.0,Repair24x7
94774147272.0,Repair Station
94777275330.0,Colombo drivers service
94776435062.0,SPA COLOMBO
94760919120.0,Colombo Asian Trading Company (Pvt) Ltd
94773228888.0,"Pearl Royal , Colombo"
94769366712.0,Siripala Transport Services
94719552124.0,Wasana Spa (Slave Island)
94773585763.0,LMN Business Solutions (Pvt) Ltd
94774480323.0,Colombo Taxi
94755192192.0,Colombo Mail - Super Save Lanka (Pvt) Ltd
